platform,method,ne_m,sr_pct,spl_pct,avg_step_latency_ms,edge_memory_gb,cloud_memory_gb
Orin+A100,Edge Only,4.11,62.9,57.6,497.8,16.63,
Orin+A100,Cloud Only,4.05,64.3,58.5,128.4,,16.62
Orin+A100,Naive ECC,4.76,56.7,45.1,202.0,0.60,16.03
Orin+A100,Step Sync,4.13,65.2,58.1,1644.5,0.60,16.03
Orin+A100,Navigation Computing,4.18,62.8,57.8,224.4,0.60,16.03
Thor+A100,Edge Only,4.09,63.1,57.8,265.1,16.63,
Thor+A100,Cloud Only,4.05,64.3,58.5,128.4,,16.62
Thor+A100,Naive ECC,4.72,56.7,45.4,164.6,0.60,16.03
Thor+A100,Step Sync,4.15,64.1,57.2,1328.0,0.60,16.03
Thor+A100,Navigation Computing,4.14,63.1,58.1,166.3,0.60,16.03
